chr,start,end,gene,sample_cnt,frequency
21,26001843,26002391,APP,815,0.8829902491874323
1,207119002,207119851,C4BPA,445,0.48212351029252437
7,40839776,40840871,SUGCT,439,0.47562296858071507
12,12391927,12393688,BORCS5,383,0.41495124593716143
5,148174677,148175216,SPINK14,380,0.41170097508125675
12,71139014,71139975,TSPAN8,284,0.3076923076923077
2,124294183,124295338,CNTNAP5,278,0.30119176598049835
5,29069210,29069523,LOC101929645,237,0.25677139761646806
1,237402804,237402905,RYR2,202,0.218851570964247
4,40233406,40235439,RHOH,161,0.1744312026002167
5,148173476,148175043,SPINK14,157,0.17009750812567714
7,31547158,31552382,ITPRID1,147,0.15926327193932827
1,36267649,36269041,THRAP3,144,0.1560130010834236
12,77990106,77994063,NAV3,132,0.14301191765980498
7,105520479,105521175,PUS7,126,0.13651137594799567
1,205209478,205209646,DSTYK,121,0.13109425785482123
10,13063037,13063272,CCDC3,118,0.12784398699891658
2,159238871,159239302,WDSUB1,110,0.11917659804983749
4,167193921,167194355,SPOCK3,110,0.11917659804983749
12,127906520,127907285,LINC00508,101,0.1094257854821235
10,55007429,55013434,PCDH15,93,0.10075839653304441
14,66703616,66704992,GPHN,89,0.09642470205850487
2,124294179,124295663,CNTNAP5,75,0.08125677139761647
7,102084258,102084759,CUX1,72,0.0780065005417118
9,102564715,102570278,LINC00587,72,0.0780065005417118
9,107012397,107013055,LOC340512;ZNF462,70,0.07583965330444203
11,24882410,24883333,LUZP2,68,0.07367280606717226
2,143314762,143315903,ARHGAP15,59,0.06392199349945829
1,66986546,66986952,MIER1,58,0.0628385698808234
8,117862980,117863355,EXT1,56,0.06067172264355363
2,72213038,72214235,EXOC6B,54,0.05850487540628386
X,29251032,29252080,IL1RAPL1,54,0.05850487540628386
7,156594389,156601626,LINC01006,50,0.05417118093174431
