gene,p value,proband_BFB,proband_not_BFB,control_BFB,control_not_BFB
PTPRQ,7.031963038502155e-36,89,241,30,893
IL1RAPL1,1.234231342638498e-07,51,279,54,869
PUS7,4.108456623160431e-06,82,248,126,797
BORCS5,0.0018897987722206271,171,159,385,538
NRXN1,0.019987416178844555,8,322,6,917
CCDC74A,1.0,1,329,2,921
FAM168B,0.5909549496719457,1,329,0,923
APP,0.6922293235816374,285,45,787,136
CYYR1,0.3226062570877846,120,210,306,617
