gene,chr,start,end,proband,relative,control,p_value
PTPRQ,chr12,80402178,80680273,103,165,74,7.727386652413416e-25
IL1RAPL1,chrX,28587446,29956718,51,99,54,1.234231342638498e-07
PLEKHB2,chr2,131104847,131353709,54,93,64,8.480511700473935e-07
EXT1,chr8,117794490,118111826,48,75,57,4.349781056618365e-06
ITPRID1,chr7,31514090,31658720,94,139,152,3.552372778932835e-06
PUS7,chr7,105439661,105522271,95,160,146,4.4350575548430505e-07
