gene,proband count,control count,p-value
APP,311,844,0.1317353237675794
C4BPA,195,484,0.043632876097858105
BORCS5,172,385,0.0013669303580215299
PTPRQ,103,74,7.727386652413416e-25
PUS7,95,146,4.4350575548430505e-07
ITPRID1,94,152,3.552372778932835e-06
